,Say,g1,g2,g3,g4,g5,timestamp
0,OO,-16.16117286682129,-14.549449920654297,-14.666666984558105,-16.71794891357422,-17.21611785888672,1576047584.4318361
1,AR,-8.952381134033203,-13.435897827148438,-11.64834976196289,-12.029304504394531,-20.380952835083008,1575905258.6892729
2,AR,-7.721611499786377,-5.34798526763916,-6.578754425048828,-12.175822257995605,-6.813185214996338,1576056423.37689
3,EE,-19.53113555908203,-8.630036354064941,-6.7838826179504395,-13.465201377868652,-17.245420455932617,1575904046.727992
4,AR,-14.959707260131836,-6.8424906730651855,-7.545787334442139,-9.098898887634277,-11.531134605407715,1575905783.831033
5,AR,-14.725274085998535,-13.14285659790039,-11.941391944885254,-14.60805892944336,-21.347986221313477,1576053294.673733
6,OO,0.0,-19.706958770751953,-21.875457763671875,-23.516483306884766,-23.428569793701172,1576052011.759655
7,AR,-11.853479385375977,1.0,1.0,1.0,-9.362635612487793,1576080451.727648
8,EU,-12.410255432128906,-13.934064865112305,-14.813185691833496,-16.16117286682129,-20.967031478881836,1576052857.052781
9,OO,-15.809523582458496,-12.61538314819336,-14.490842819213867,-5.465201377868652,-15.19413948059082,1576062455.6919699
10,AR,-17.33333396911621,-7.194139003753662,-8.395602226257324,-11.999998092651367,-6.227106094360352,1575903385.3728929
11,EE,-16.33699607849121,-12.879119873046875,-16.659339904785156,-14.373625755310059,-11.706958770751953,1576077888.6395922
12,EE,-9.538459777832031,-14.168498039245605,-12.967032432556152,-15.956043243408203,-19.09157371520996,1576062183.696109
13,AA,-7.663003444671631,-12.322343826293945,-9.80219554901123,-13.14285659790039,-13.289377212524414,1576081699.271137
14,AR,-16.014652252197266,-15.780219078063965,-6.285712718963623,-12.087910652160645,-7.545787334442139,1576052387.3523932
15,EE,-16.747251510620117,-7.311355113983154,0.0,-9.216116905212402,-16.190475463867188,1576055921.4117188
16,OO,-12.556777000427246,-18.27106285095215,-17.21611785888672,-21.318679809570312,-19.912086486816406,1576033843.126951
17,EE,-12.820512771606445,-15.223443031311035,-12.029304504394531,-8.043953895568848,-22.959707260131836,1576051521.4492378
18,EE,-11.150182723999023,-7.399267196655273,-4.351646423339844,-13.787546157836914,-7.428569793701172,1576057483.6164331
19,OO,-8.80586051940918,-5.582415580749512,-2.9450531005859375,0.0,0.0,1575906406.874658
20,EU,-15.047618865966797,-4.761904716491699,-19.853479385375977,-4.615382671356201,-19.912086486816406,1575907465.532868
21,OO,-11.062271118164062,-14.168498039245605,-12.967032432556152,-15.956043243408203,-17.94871711730957,1576062196.496553
22,OO,-2.65201473236084,-2.065932273864746,-8.278388023376465,-9.890108108520508,-10.124541282653809,1575906065.210194
23,AR,-14.959707260131836,-14.549449920654297,-13.465201377868652,-17.157508850097656,-14.46153736114502,1576047515.732297
24,EU,-12.351646423339844,-7.399267196655273,-2.710622787475586,-3.5311355590820312,-13.435897827148438,1576057200.182152
25,AA,-20.849817276000977,-13.289377212524414,-16.89377212524414,-14.40293025970459,-14.69597053527832,1575905124.625349
26,EE,-15.047618865966797,-4.761904716491699,-19.853479385375977,-4.615382671356201,-19.912086486816406,1575907451.964347
27,AR,-21.72893714904785,-21.55311393737793,-19.619047164916992,-24.0,-24.0,1575906867.980387
28,EE,-16.571428298950195,-10.388277053833008,-11.589743614196777,-14.227106094360352,-12.087910652160645,1575903437.662333
29,AA,-2.4175806045532227,-0.3076923191547394,-3.267399311065674,-9.94871711730957,-17.040292739868164,1576078354.9612598
30,OO,-9.479853630065918,0.0,1.0,-6.520146369934082,-6.578754425048828,1576054924.7463732
31,AR,-5.084249019622803,-4.029304027557373,1.0,1.0,1.0,1576050756.292397
32,EU,-12.380952835083008,-8.600732803344727,-10.681317329406738,-10.241756439208984,-10.153844833374023,1576051290.022399
33,AR,-13.2600736618042,-14.813185691833496,-3.999998092651367,-13.787546157836914,-10.35897445678711,1576057446.6795058
34,EE,-5.787545680999756,0.0,0.0,0.0,0.0,1575905378.521338
35,AA,-10.44688606262207,-13.435897827148438,-11.64834976196289,-12.029304504394531,-20.380952835083008,1575905282.4259892
36,EE,-2.769228935241699,-7.926739692687988,-4.527470588684082,-5.963369846343994,-11.032965660095215,1576050550.604712
37,EE,-15.047618865966797,-10.974358558654785,-11.706958770751953,-16.043954849243164,-7.018314838409424,1576056456.846339
38,EU,0.0,-7.545787334442139,-1.274725317955017,-5.846151828765869,-3.443223476409912,1576048711.531424
39,EE,-12.410255432128906,-13.934064865112305,-14.813185691833496,-16.16117286682129,-20.967031478881836,1576052838.40182
40,EE,-5.72893762588501,-10.124541282653809,-7.926739692687988,-7.985347747802734,-12.732601165771484,1576079301.4311829
41,EE,-8.043953895568848,0.0,-8.161171913146973,-12.70329475402832,-17.743589401245117,1575904894.380965
42,AR,-8.043953895568848,0.0,-8.161171913146973,-12.70329475402832,-17.743589401245117,1575904885.462405
43,EE,-12.380952835083008,-8.600732803344727,-10.681317329406738,-10.241756439208984,-10.153844833374023,1576051282.3715339
44,EU,-15.809523582458496,-12.61538314819336,-14.490842819213867,-5.465201377868652,-15.19413948059082,1576062440.887358
45,OO,-14.959707260131836,-6.8424906730651855,-7.545787334442139,-9.098898887634277,-7.340657711029053,1575905840.213597
46,EE,0.0,-7.545787334442139,-1.274725317955017,-5.846151828765869,-3.443223476409912,1576048697.7463598
47,AR,-17.919414520263672,-6.080585956573486,-12.498167991638184,-11.472525596618652,-18.5054931640625,1575906519.720305
48,AR,-6.256410121917725,-6.813185214996338,-5.084249019622803,-10.5054931640625,-3.5604376792907715,1575907856.194562
49,EU,0.0,-9.30402946472168,-13.054944038391113,-6.578754425048828,0.0,1575903888.56404
50,EE,-0.16117216646671295,-4.761904716491699,-2.710622787475586,-3.0915751457214355,-8.51282024383545,1576046844.102304
51,AA,-22.813186645507812,-18.183149337768555,-22.05128288269043,-23.72161102294922,-22.959707260131836,1575906622.831656
52,OO,-15.047618865966797,-8.336996078491211,-19.853479385375977,-18.065933227539062,-17.39194107055664,1575907629.560869
53,EU,-6.197800636291504,-5.904761791229248,-9.186811447143555,-4.2930402755737305,-6.256410121917725,1576079337.468917
54,EU,-8.043953895568848,0.0,-8.161171913146973,-12.70329475402832,-17.743589401245117,1575904900.265291
55,OO,-3.6776556968688965,0.0,-8.161171913146973,-12.70329475402832,-17.743589401245117,1575904916.950639
56,EU,-9.538459777832031,-14.168498039245605,-12.967032432556152,-15.956043243408203,-19.09157371520996,1576062185.44521
57,OO,-24.0,-24.0,-24.0,0.0,-24.0,1575906657.5369282
58,AR,0.0,0.0,0.0,0.0,0.0,1575905370.101815
59,AR,0.0,-4.9084248542785645,-12.849817276000977,-15.897436141967773,-15.633699417114258,1576051910.496059
60,AA,-6.256410121917725,-6.813185214996338,-5.084249019622803,-15.985347747802734,-6.227106094360352,1575907876.646868
61,AA,-15.047618865966797,-4.761904716491699,-19.853479385375977,-18.065933227539062,-17.39194107055664,1575907584.6134539
62,EU,-10.945053100585938,-7.838827610015869,-8.043953895568848,-7.223443031311035,-3.0036630630493164,1575908131.7585258
63,AA,-9.538459777832031,-14.168498039245605,-12.967032432556152,-15.956043243408203,-19.09157371520996,1576062188.348249
64,AR,-21.377288818359375,-10.065932273864746,-5.172161102294922,-12.820512771606445,-16.21977996826172,1576053583.490154
65,AA,-11.150182723999023,-9.186811447143555,-2.769228935241699,-13.787546157836914,-7.428569793701172,1576057496.8505502
66,EE,-22.754579544067383,-20.117216110229492,-15.223443031311035,-19.208789825439453,-21.172161102294922,1576078743.05575
67,AA,-14.46153736114502,-17.128204345703125,-18.710622787475586,-19.706958770751953,-20.61538314819336,1576053406.983975
68,EE,-11.531134605407715,-5.582415580749512,-2.9450531005859375,0.0,0.0,1575906332.7798572
69,EU,-20.205127716064453,-13.699633598327637,-14.021977424621582,-16.630037307739258,-16.366300582885742,1575904357.954514
70,AR,-10.593404769897461,-10.007326126098633,-18.622711181640625,-8.54212474822998,-1.245421290397644,1576049053.7467031
71,OO,-2.769228935241699,-7.926739692687988,-4.527470588684082,-5.963369846343994,-10.739925384521484,1576050579.8805618
72,AA,-2.65201473236084,-2.065932273864746,-8.278388023376465,-9.890108108520508,-10.124541282653809,1575906057.997019
73,OO,-16.014652252197266,-15.780219078063965,-6.285712718963623,-12.087910652160645,-7.545787334442139,1576052426.93607
74,EU,-16.014652252197266,-15.780219078063965,-6.285712718963623,-12.087910652160645,-7.545787334442139,1576052412.355499
75,AR,-12.820512771606445,-15.223443031311035,-12.029304504394531,-8.043953895568848,-22.959707260131836,1576051520.965178
76,AR,-16.33699607849121,-12.879119873046875,-16.659339904785156,-14.373625755310059,-11.706958770751953,1576077887.163097
77,EU,-21.67032814025879,-24.0,-17.919414520263672,-18.44688606262207,-21.05494499206543,1575906981.46001
78,EE,-5.904761791229248,-8.923074722290039,-10.241756439208984,-8.54212474822998,-7.311355113983154,1576080312.608803
79,AR,-7.985347747802734,1.0,1.0,-6.520146369934082,-2.007326126098633,1576054847.030665
80,AA,-16.33699607849121,-12.879119873046875,-16.659339904785156,-14.373625755310059,-11.706958770751953,1576077889.572798
81,AA,0.0,-19.706958770751953,-21.875457763671875,-23.516483306884766,-23.428569793701172,1576051996.0235062
82,OO,-20.263734817504883,-13.963370323181152,-17.802196502685547,-16.80586051940918,-18.388277053833008,1575904382.5495172
83,OO,-10.886446952819824,-10.974358558654785,-11.706958770751953,-16.043954849243164,-11.413919448852539,1576056476.010171
84,OO,-8.043953895568848,-7.223443031311035,-3.6483497619628906,-6.021976470947266,-11.413919448852539,1576046899.531013
85,EU,-8.981684684753418,-4.117216110229492,-2.4761905670166016,-2.827838897705078,-0.27838829159736633,1575905394.855411
86,AR,-5.72893762588501,-10.124541282653809,-5.377289295196533,-5.875457763671875,-8.014652252197266,1576079281.487296
87,OO,-10.945053100585938,-7.838827610015869,-8.043953895568848,-7.223443031311035,-3.0036630630493164,1575908144.341506
88,AR,-19.208789825439453,-20.46886444091797,-19.97069549560547,-15.047618865966797,-12.849817276000977,1576079704.877974
89,AA,-11.531134605407715,-5.582415580749512,-2.9450531005859375,0.0,0.0,1575906355.680184
90,AR,0.0,1.0,0.0,0.0,0.0,1576046451.176753
91,EU,-4.996336936950684,-10.44688606262207,-18.153844833374023,-13.289377212524414,-13.025641441345215,1576078101.496294
92,EU,-19.47252655029297,-10.065932273864746,-10.7692289352417,-9.743589401245117,-11.003662109375,1575905090.738025
93,AA,-10.915749549865723,-10.974358558654785,-11.706958770751953,-16.043954849243164,-11.413919448852539,1576056463.498172
94,AA,-16.747251510620117,-7.311355113983154,0.0,-9.216116905212402,-16.190475463867188,1576055946.830004
95,AA,-12.820512771606445,-15.223443031311035,-12.029304504394531,-8.043953895568848,-22.959707260131836,1576051522.19802
96,OO,-16.747251510620117,-7.311355113983154,0.0,-9.216116905212402,-16.190475463867188,1576055956.476694
97,EU,-3.1501832008361816,0.0,-6.666666507720947,-2.1538443565368652,0.0,1576050899.695607
98,AR,-23.399267196655273,-16.835163116455078,-12.673992156982422,-10.739925384521484,-12.70329475402832,1575905040.59934
99,AR,-8.24908447265625,-10.007326126098633,-14.490842819213867,-2.505492687225342,-15.692306518554688,1576062381.6655722
100,AR,-11.120877265930176,-11.267398834228516,-15.48717975616455,-10.886446952819824,-11.296701431274414,1576081476.873519
101,EE,-21.67032814025879,-24.0,-17.919414520263672,-18.44688606262207,-21.05494499206543,1575906976.108758
102,EU,-5.377289295196533,-12.322343826293945,-9.80219554901123,-13.14285659790039,-9.098898887634277,1576081691.0716891
103,AA,-12.351646423339844,-7.399267196655273,-2.710622787475586,-3.5311355590820312,-13.435897827148438,1576057201.567549
104,AR,-4.9377288818359375,-5.641025543212891,-5.054943084716797,-3.5311355590820312,-10.5054931640625,1576057145.80927
105,OO,1.0,0.0,1.0,1.0,0.0,1576046991.595902
106,OO,-9.919413566589355,-12.732601165771484,-8.981684684753418,-12.439558982849121,-9.39194107055664,1576051305.5667238
107,AR,-3.238095283508301,-7.926739692687988,-4.527470588684082,-5.963369846343994,-10.183150291442871,1576050505.009035
108,OO,-5.72893762588501,-4.117216110229492,-2.4761905670166016,-2.827838897705078,-0.27838829159736633,1575905405.460466
109,OO,-20.293041229248047,-6.139194011688232,-4.70329475402832,-10.35897445678711,-21.992673873901367,1576053661.266989
110,EU,-22.256410598754883,-8.102563858032227,-1.4212454557418823,-10.35897445678711,-21.992673873901367,1576053640.579269
111,AA,-21.67032814025879,-24.0,-17.919414520263672,-18.44688606262207,-21.05494499206543,1575906986.994427
112,AA,-9.216116905212402,-9.479853630065918,-8.981684684753418,-9.362635612487793,-11.120877265930176,1576051298.923758
113,EU,-19.97069549560547,-13.64102554321289,-11.120877265930176,-16.864469528198242,-9.567765235900879,1575903496.635898
114,AR,-11.853479385375977,0.0,0.0,0.0,0.0,1575906291.6895928
115,OO,-21.699634552001953,-18.769229888916016,-17.684982299804688,-19.384614944458008,-21.172161102294922,1576078830.677418
116,OO,-12.351646423339844,-7.399267196655273,-2.710622787475586,-3.5311355590820312,-10.183150291442871,1576057209.259026
117,AR,-17.567766189575195,-6.754578590393066,-12.468864440917969,-7.897435665130615,-13.963370323181152,1575904018.5734692
118,AR,-14.60805892944336,-3.7069597244262695,-18.300365447998047,-3.267399311065674,-11.062271118164062,1575907297.963042
119,OO,-7.663003444671631,-12.322343826293945,-9.80219554901123,-13.14285659790039,-13.289377212524414,1576081706.450192
120,AA,-12.556777000427246,-18.27106285095215,-17.21611785888672,-21.318679809570312,-19.912086486816406,1576033821.965064
121,EU,-18.241756439208984,-10.300365447998047,-17.86080551147461,-2.9157509803771973,-10.827837944030762,1576046514.6639318
122,EU,0.0,-6.930402755737305,-16.512821197509766,-21.699634552001953,-23.428569793701172,1576051964.6525478
123,AA,-20.293041229248047,-6.139194011688232,-4.70329475402832,-10.35897445678711,-21.992673873901367,1576053655.3971171
124,EU,-16.33699607849121,-12.879119873046875,-16.659339904785156,-14.373625755310059,-11.706958770751953,1576077889.272681
125,AR,-0.16117216646671295,-4.761904716491699,-2.710622787475586,-3.0915751457214355,-8.51282024383545,1576046843.335417
126,OO,-12.820512771606445,-15.223443031311035,-12.029304504394531,-8.043953895568848,-22.959707260131836,1576051523.923347
127,EU,-11.150182723999023,-9.186811447143555,-2.769228935241699,-13.787546157836914,-7.428569793701172,1576057491.916455
128,EU,-7.428569793701172,-10.974358558654785,-11.706958770751953,-16.043954849243164,-7.018314838409424,1576056460.78047
129,EE,-14.959707260131836,-6.8424906730651855,-7.545787334442139,-9.098898887634277,-11.531134605407715,1575905800.216393
130,EE,-15.633699417114258,-16.131866455078125,-16.16117286682129,-16.424907684326172,-15.076922416687012,1576079780.3184872
131,EU,-15.135531425476074,-14.578754425048828,-14.46153736114502,-16.043954849243164,-18.59340476989746,1576047561.651927
132,AA,-4.732600688934326,-4.117216110229492,-2.4761905670166016,-2.827838897705078,-0.27838829159736633,1575905400.539257
133,AR,1.0,1.0,1.0,1.0,1.0,1576046943.095082
134,AR,1.0,0.0,1.0,1.0,0.0,1576046984.651754
135,EE,0.0,-9.30402946472168,-13.054944038391113,-6.578754425048828,0.0,1575903881.6302361
136,EE,-10.945053100585938,-7.838827610015869,-8.043953895568848,-7.223443031311035,-3.0036630630493164,1575908112.824291
137,AA,-2.769228935241699,-7.926739692687988,-4.527470588684082,-5.963369846343994,-10.739925384521484,1576050574.424629
138,OO,-12.263734817504883,0.0,-6.666666507720947,-2.1538443565368652,0.0,1576050919.4586139
139,AA,-16.33699607849121,-19.619047164916992,-10.945053100585938,-5.025640964508057,-11.619047164916992,1576056965.5051432
140,EE,-9.479853630065918,-7.399267196655273,-2.710622787475586,-3.5311355590820312,-6.051281929016113,1576057170.943939
141,EU,-22.754579544067383,-20.117216110229492,-15.223443031311035,-19.208789825439453,-21.172161102294922,1576078771.158433
142,AR,1.0,1.0,1.0,1.0,1.0,1576048395.342605
143,AR,-16.33699607849121,-19.619047164916992,-10.945053100585938,-5.025640964508057,-11.619047164916992,1576056902.934077
144,EU,-11.765567779541016,-14.725274085998535,-13.816849708557129,-13.64102554321289,-9.30402946472168,1576080541.0200272
145,OO,-17.714284896850586,-17.128204345703125,-18.710622787475586,-19.706958770751953,-20.351648330688477,1576053445.5344791
146,AR,-2.65201473236084,-2.065932273864746,-8.278388023376465,-9.890108108520508,-10.124541282653809,1575906029.31113
147,OO,-5.5531134605407715,-7.956042289733887,-6.989009380340576,-5.34798526763916,-8.131866455078125,1576047333.793567
148,EU,1.0,0.0,1.0,1.0,0.0,1576046987.484682
149,AA,-21.699634552001953,-19.53113555908203,-17.684982299804688,-17.157508850097656,-21.172161102294922,1576078801.612499
150,EE,-13.787546157836914,-14.725274085998535,-13.816849708557129,-13.64102554321289,-12.820512771606445,1576080511.5170841
151,EE,-18.241756439208984,-10.300365447998047,-19.384614944458008,-2.9157509803771973,-10.827837944030762,1576046500.229312
152,OO,-21.67032814025879,-24.0,-17.919414520263672,-18.44688606262207,-21.05494499206543,1575906994.6033769
153,AA,-19.97069549560547,-13.64102554321289,-11.120877265930176,-16.864469528198242,-9.567765235900879,1575903500.020461
154,EE,-7.4578752517700195,-12.322343826293945,-4.058608055114746,-13.14285659790039,-9.098898887634277,1576081681.771312
155,EE,-10.44688606262207,-13.435897827148438,-11.64834976196289,-12.029304504394531,-20.380952835083008,1575905271.407312
156,OO,-10.35897445678711,-10.915749549865723,-9.274723052978516,-9.94871711730957,-11.2380952835083,1576080632.159817
157,AA,-5.5531134605407715,-7.956042289733887,-6.989009380340576,-5.34798526763916,-8.131866455078125,1576047327.206147
158,AR,-10.945053100585938,-7.838827610015869,-8.043953895568848,-7.223443031311035,-3.0036630630493164,1575908104.873046
159,EE,-22.256410598754883,-8.102563858032227,-1.4212454557418823,-10.35897445678711,-21.992673873901367,1576053636.829423
160,AR,-16.747251510620117,-7.311355113983154,0.0,-9.216116905212402,-16.190475463867188,1576055902.71848
161,EE,-7.985347747802734,1.0,1.0,-6.520146369934082,-2.007326126098633,1576054853.43069
162,AR,-11.970695495605469,-14.168498039245605,-12.967032432556152,-15.956043243408203,-13.816849708557129,1576062121.973328
163,AR,-7.4578752517700195,-12.322343826293945,-4.058608055114746,-15.633699417114258,-11.413919448852539,1576081676.119616
164,EU,-9.772892951965332,0.0,1.0,-6.520146369934082,-3.941391944885254,1576054883.210606
165,AA,-16.16117286682129,-14.549449920654297,-14.666666984558105,-16.71794891357422,-17.21611785888672,1576047574.620605
166,AA,0.0,-7.545787334442139,-1.274725317955017,-5.846151828765869,-3.443223476409912,1576048725.915769
167,AR,0.0,-9.30402946472168,-13.054944038391113,-6.578754425048828,0.0,1575903878.829815
168,AA,-11.120877265930176,-11.267398834228516,-15.48717975616455,-10.886446952819824,-11.296701431274414,1576081481.37081
169,EE,-11.120877265930176,-11.267398834228516,-15.48717975616455,-10.886446952819824,-11.296701431274414,1576081479.472083
170,EU,-16.33699607849121,-19.619047164916992,-10.945053100585938,-5.025640964508057,-11.619047164916992,1576056949.918922
171,EU,-11.531134605407715,-5.582415580749512,-2.9450531005859375,0.0,0.0,1575906344.096105
172,EU,-2.4175806045532227,-0.3076923191547394,-3.267399311065674,-9.94871711730957,-17.040292739868164,1576078350.625369
173,EE,-5.201465129852295,-7.135530948638916,-6.285712718963623,-3.5897436141967773,-6.021976470947266,1576047297.186428
174,EE,-16.014652252197266,-15.780219078063965,-6.285712718963623,-12.087910652160645,-7.545787334442139,1576052398.520505
175,OO,-16.33699607849121,-19.619047164916992,-10.945053100585938,-5.025640964508057,-11.619047164916992,1576056975.068258
176,EE,-4.996336936950684,-10.44688606262207,-18.153844833374023,-13.289377212524414,-13.025641441345215,1576078095.596483
177,EE,-16.33699607849121,-19.619047164916992,-10.945053100585938,-5.025640964508057,-11.619047164916992,1576056930.1174622
178,EU,-21.494504928588867,-18.183149337768555,-22.05128288269043,-23.72161102294922,-23.457876205444336,1575906591.279587
179,AA,-12.263734817504883,0.0,-6.666666507720947,-2.1538443565368652,0.0,1576050911.713852
180,EE,-19.47252655029297,-10.065932273864746,-10.7692289352417,-9.772892951965332,-10.241756439208984,1575905084.4028702
181,EE,-16.39560317993164,-15.75091552734375,-18.710622787475586,-19.706958770751953,-20.58608055114746,1576053333.376449
182,EE,1.0,0.0,1.0,1.0,0.0,1576046985.5019531
183,EU,-5.75823974609375,-7.135530948638916,-6.285712718963623,-4.205128192901611,-6.021976470947266,1576047308.88735
184,OO,-15.164834022521973,-10.300365447998047,-17.86080551147461,-2.9157509803771973,-17.157508850097656,1576046537.849142
185,EU,-6.256410121917725,-6.813185214996338,-5.084249019622803,-10.5054931640625,-6.227106094360352,1575907870.8133779
186,EU,-12.820512771606445,-15.223443031311035,-12.029304504394531,-8.043953895568848,-22.959707260131836,1576051521.814492
187,EU,-16.747251510620117,-7.311355113983154,0.0,-9.216116905212402,-16.190475463867188,1576055934.495071
188,AA,-20.263734817504883,-13.963370323181152,-17.802196502685547,-16.80586051940918,-18.388277053833008,1575904377.0887
189,EU,-12.7619047164917,-12.087910652160645,-13.758240699768066,-12.117216110229492,-11.384613990783691,1576079895.433969
190,AR,-22.754579544067383,-20.117216110229492,-15.223443031311035,-19.208789825439453,-18.59340476989746,1576078676.7323961
191,EU,-11.120877265930176,-11.267398834228516,-15.48717975616455,-10.886446952819824,-11.296701431274414,1576081480.421907
192,AA,-2.124542236328125,-2.593404769897461,0.0,-3.824173927307129,-11.882782936096191,1576046880.3715448
193,EE,-24.0,-18.183149337768555,-22.05128288269043,-23.72161102294922,-24.0,1575906575.826182
194,EU,-2.769228935241699,-7.926739692687988,-4.527470588684082,-5.963369846343994,-11.032965660095215,1576050555.437803
195,AA,-18.564102172851562,-10.300365447998047,-17.86080551147461,-2.9157509803771973,-17.157508850097656,1576046525.6158938
196,AA,-7.311355113983154,0.0,1.0,-6.520146369934082,-2.3296685218811035,1576054892.9625149
197,OO,0.0,-7.545787334442139,-1.274725317955017,-5.846151828765869,-3.443223476409912,1576048736.4456
198,EE,-15.809523582458496,-12.61538314819336,-14.490842819213867,-5.465201377868652,-10.095237731933594,1576062430.685233
199,AA,-15.45787525177002,-13.934064865112305,-14.813185691833496,-16.16117286682129,-20.967031478881836,1576052868.3359451
200,OO,-15.282051086425781,-5.904761791229248,-10.036628723144531,-5.699633598327637,-4.38095235824585,1576079412.221237
201,AA,-12.7619047164917,-12.087910652160645,-13.758240699768066,-9.216116905212402,-8.776556968688965,1576079962.574606
202,EE,-2.4175806045532227,-0.3076923191547394,-3.267399311065674,-9.94871711730957,-17.040292739868164,1576078345.5253901
203,AR,0.0,-7.545787334442139,-1.274725317955017,-5.846151828765869,-3.443223476409912,1576048684.812994
204,AA,-15.809523582458496,-12.61538314819336,-14.490842819213867,-5.465201377868652,-15.19413948059082,1576062450.721699
205,AA,-19.03296661376953,-5.904761791229248,-9.186811447143555,-4.644688606262207,-7.60439395904541,1576079381.4220119
206,AA,-10.945053100585938,-7.838827610015869,-8.043953895568848,-7.223443031311035,-3.0036630630493164,1575908137.528938
207,AR,-12.410255432128906,-14.344322204589844,-14.813185691833496,-16.16117286682129,-18.59340476989746,1576052804.664223
208,AR,-5.904761791229248,-8.923074722290039,-10.241756439208984,-8.54212474822998,-11.179486274719238,1576080214.7668881
209,AR,1.0,1.0,1.0,-0.7765567898750305,-10.21245288848877,1576078056.345119
210,EU,-2.124542236328125,-2.593404769897461,0.0,-3.824173927307129,-11.882782936096191,1576046879.655467
211,OO,-16.33699607849121,-12.879119873046875,-16.659339904785156,-16.835163116455078,-10.710622787475586,1576077904.747967
212,AR,-7.75091552734375,-5.846151828765869,-5.054943084716797,-5.435897350311279,-4.3223443031311035,1576047270.884599
213,AA,-4.996336936950684,-12.322343826293945,-18.153844833374023,-14.578754425048828,-7.223443031311035,1576078111.380595
214,OO,-4.996336936950684,-12.322343826293945,-18.153844833374023,-14.578754425048828,-7.223443031311035,1576078118.793387
215,EU,-14.959707260131836,-6.8424906730651855,-7.545787334442139,-9.098898887634277,-7.340657711029053,1575905824.637414
216,AA,1.0,0.0,1.0,1.0,0.0,1576046987.917183
217,EE,-2.65201473236084,-2.065932273864746,-8.278388023376465,-9.890108108520508,-10.124541282653809,1575906046.227994
218,AA,0.0,-9.30402946472168,-13.054944038391113,-6.578754425048828,0.0,1575903897.3320231
219,EE,-7.106226921081543,0.0,-6.666666507720947,-2.1538443565368652,0.0,1576050888.827801
220,EU,-12.556777000427246,-15.985347747802734,-8.864468574523926,-21.318679809570312,-19.912086486816406,1576033800.9292789
221,AA,-12.468864440917969,-6.69597053527832,-6.197800636291504,-8.366300582885742,-13.523809432983398,1576080579.976234
222,OO,-6.256410121917725,-6.813185214996338,-5.084249019622803,-8.307690620422363,-5.611721515655518,1575907884.547929
223,AR,-4.468864440917969,-9.479853630065918,-17.245420455932617,-17.421245574951172,-11.531134605407715,1576033699.567246
224,OO,-11.120877265930176,-11.267398834228516,-15.48717975616455,-10.886446952819824,-11.296701431274414,1576081489.018653
225,OO,-2.4175806045532227,-0.3076923191547394,-3.267399311065674,-9.94871711730957,-17.040292739868164,1576078367.855568
226,OO,-20.02930450439453,-11.003662109375,-10.388277053833008,-20.205127716064453,-17.45054817199707,1575903545.025007
227,EU,-19.267398834228516,-17.128204345703125,-18.710622787475586,-19.706958770751953,-17.157508850097656,1576053347.7952042
228,AR,-2.4175806045532227,-0.3076923191547394,-3.267399311065674,-8.307690620422363,-17.040292739868164,1576078316.021432
229,OO,-15.45787525177002,-13.934064865112305,-14.813185691833496,-16.16117286682129,-20.967031478881836,1576052877.890874
230,OO,-22.256410598754883,-16.102563858032227,-17.655677795410156,-14.40293025970459,-16.4835147857666,1575905141.8668818
231,OO,-5.377289295196533,-9.15750789642334,-11.179486274719238,-11.267398834228516,-8.776556968688965,1576080031.32004
232,EE,-6.256410121917725,-6.813185214996338,-5.084249019622803,-10.5054931640625,-6.227106094360352,1575907866.795793
233,EU,-10.44688606262207,-13.435897827148438,-11.64834976196289,-12.029304504394531,-20.380952835083008,1575905276.424556
234,AA,-16.014652252197266,-15.780219078063965,-6.285712718963623,-12.087910652160645,-7.545787334442139,1576052419.172958
235,EE,-8.278388023376465,-18.183149337768555,-19.853479385375977,-21.318679809570312,-19.912086486816406,1576033781.593089
236,OO,0.0,-9.30402946472168,-13.054944038391113,-6.578754425048828,0.0,1575903914.592905
237,EE,-17.9780216217041,-16.102563858032227,-15.076922416687012,-17.157508850097656,-16.27838897705078,1576047541.668021
238,OO,-8.190476417541504,-7.047618865966797,-2.769228935241699,-6.959706783294678,-7.428569793701172,1576057515.2468572
239,EU,-2.65201473236084,-2.065932273864746,-8.278388023376465,-9.890108108520508,-10.124541282653809,1575906051.110454
240,EE,0.0,-6.930402755737305,-16.512821197509766,-20.761903762817383,-23.428569793701172,1576051951.617621
241,OO,-10.44688606262207,-13.435897827148438,-11.64834976196289,-12.029304504394531,-20.380952835083008,1575905288.469295
242,AA,-14.959707260131836,-6.8424906730651855,-7.545787334442139,-9.098898887634277,-7.340657711029053,1575905832.8034968
243,AR,-12.380952835083008,-8.600732803344727,-10.681317329406738,-10.241756439208984,-10.153844833374023,1576051267.670372
244,AA,-3.6776556968688965,0.0,-8.161171913146973,-12.70329475402832,-17.743589401245117,1575904910.76577
245,AA,-7.252745628356934,-8.073260307312012,-9.098898887634277,-7.575091361999512,-19.912086486816406,1576027140.9065452
246,AR,0.0,-18.153844833374023,-19.062271118164062,-8.776556968688965,-16.659339904785156,1576026641.8388438
247,AR,-15.780219078063965,-20.61538314819336,-7.076921463012695,-15.164834022521973,-8.131866455078125,1576026855.039037
248,EE,-1.3919414281845093,-20.61538314819336,-7.076921463012695,-15.164834022521973,-17.597068786621094,1576026884.7592502
249,EU,-1.3919414281845093,-20.61538314819336,-7.076921463012695,-15.164834022521973,-17.597068786621094,1576026884.960157
250,EE,0.0,-18.153844833374023,-19.062271118164062,-8.776556968688965,-16.659339904785156,1576026643.248666
251,EU,-7.252745628356934,-8.073260307312012,-9.098898887634277,-7.575091361999512,-5.670327663421631,1576027127.57225
252,AR,-8.336996078491211,-6.080585956573486,-9.831501960754395,-7.575091361999512,-9.333332061767578,1576027062.514165
253,OO,-7.252745628356934,-8.424908638000488,-9.098898887634277,-7.487179279327393,-12.322343826293945,1576027168.966157
254,OO,-9.15750789642334,-18.153844833374023,-19.062271118164062,-8.776556968688965,-13.230768203735352,1576026658.736741
255,OO,-1.3919414281845093,-20.61538314819336,-7.076921463012695,-15.164834022521973,-17.597068786621094,1576026887.652543
256,AA,-9.15750789642334,-18.153844833374023,-19.062271118164062,-8.776556968688965,-13.230768203735352,1576026656.8002229
257,AA,-1.3919414281845093,-20.61538314819336,-7.076921463012695,-15.164834022521973,-17.597068786621094,1576026885.161289
258,EE,-7.252745628356934,-8.073260307312012,-9.098898887634277,-7.575091361999512,-5.670327663421631,1576027112.453552
259,EU,0.0,-18.153844833374023,-19.062271118164062,-8.776556968688965,-13.230768203735352,1576026651.848621
